,Epoch,Training loss,Validation loss
0,0,3.174228477478027,2.890373865763346
1,1,2.805938649177551,2.889371911684672
2,2,2.885068416595459,2.889445662498474
