,Epoch,Training loss
0,0,3.1868908405303955
1,1,2.7908816576004027
2,2,2.8803802490234376
