,Epoch,Training Accuracy
0,0,5.555555555555555
1,1,5.555555555555555
2,2,5.555555555555555
